{"cameraMode":{"drawMode":0,"name":"Shaded","section":"Shading Mode"},"sceneLighting":true,"audioPlay":false,"sceneViewState":{"m_AlwaysRefresh":true,"showFog":true,"showSkybox":true,"showFlares":true,"showImageEffects":true,"showParticleSystems":true,"showVisualEffectGraphs":true,"m_FxEnabled":true},"in2DMode":false,"pivot":{"x":959.9255981445313,"y":540.0130615234375,"z":0.0033741912338882686},"rotation":{"x":-0.26838141679763796,"y":0.11431790143251419,"z":-0.03142585605382919,"w":-0.9560789465904236},"size":70.30770874023438,"orthographic":false}