{"cameraMode":{"drawMode":0,"name":"Shaded","section":"Shading Mode"},"sceneLighting":true,"audioPlay":false,"sceneViewState":{"m_AlwaysRefresh":false,"showFog":true,"showSkybox":true,"showFlares":true,"showImageEffects":true,"showParticleSystems":true,"showVisualEffectGraphs":true,"m_FxEnabled":true},"in2DMode":false,"pivot":{"x":0.018584998324513437,"y":0.841358482837677,"z":0.006486193742603064},"rotation":{"x":-0.01653820089995861,"y":0.9571030139923096,"z":-0.2838510572910309,"w":-0.05576549842953682},"size":1.6434881687164307,"orthographic":false}