{"cameraMode":{"drawMode":0,"name":"Shaded","section":"Shading Mode"},"sceneLighting":true,"audioPlay":false,"sceneViewState":{"m_AlwaysRefresh":true,"showFog":true,"showSkybox":true,"showFlares":true,"showImageEffects":true,"showParticleSystems":true,"showVisualEffectGraphs":true,"m_FxEnabled":true},"in2DMode":false,"pivot":{"x":-1.1055783033370972,"y":0.31691431999206545,"z":-0.5483235120773315},"rotation":{"x":-0.2511346638202667,"y":-0.4774998724460602,"z":0.1446017622947693,"w":-0.8294975161552429},"size":0.3388943076133728,"orthographic":false}