{"cameraMode":{"drawMode":0,"name":"Shaded","section":"Shading Mode"},"sceneLighting":true,"audioPlay":false,"sceneViewState":{"m_AlwaysRefresh":true,"showFog":true,"showSkybox":true,"showFlares":true,"showImageEffects":true,"showParticleSystems":true,"showVisualEffectGraphs":true,"m_FxEnabled":true},"in2DMode":false,"pivot":{"x":991.7811889648438,"y":523.8179321289063,"z":-14.058058738708496},"rotation":{"x":0.05307455733418465,"y":-0.009935813024640084,"z":-0.00006103982013883069,"w":0.9986329078674316},"size":585.7791748046875,"orthographic":false}