{"cameraMode":{"drawMode":0,"name":"Shaded","section":"Shading Mode"},"sceneLighting":true,"audioPlay":false,"sceneViewState":{"m_AlwaysRefresh":true,"showFog":true,"showSkybox":true,"showFlares":true,"showImageEffects":true,"showParticleSystems":true,"showVisualEffectGraphs":true,"m_FxEnabled":true},"in2DMode":false,"pivot":{"x":-0.036741986870765689,"y":-0.005528914742171764,"z":0.9491198658943176},"rotation":{"x":-0.12160849571228028,"y":0.7062788009643555,"z":-0.12406075745820999,"w":-0.6864233613014221},"size":8.599865913391114,"orthographic":false}