{"cameraMode":{"drawMode":1,"name":"Wireframe","section":"Shading Mode"},"sceneLighting":true,"audioPlay":false,"sceneViewState":{"m_AlwaysRefresh":true,"showFog":true,"showSkybox":true,"showFlares":true,"showImageEffects":true,"showParticleSystems":true,"showVisualEffectGraphs":true,"m_FxEnabled":true},"in2DMode":false,"pivot":{"x":0.17251382768154145,"y":0.18625959753990174,"z":0.16809749603271485},"rotation":{"x":0.3304571807384491,"y":-0.12263639271259308,"z":0.04226385056972504,"w":0.9350085854530335},"size":0.9713309407234192,"orthographic":false}