{"cameraMode":{"drawMode":0,"name":"Shaded","section":"Shading Mode"},"sceneLighting":true,"audioPlay":false,"sceneViewState":{"m_AlwaysRefresh":true,"showFog":true,"showSkybox":true,"showFlares":true,"showImageEffects":true,"showParticleSystems":true,"showVisualEffectGraphs":true,"m_FxEnabled":true},"in2DMode":false,"pivot":{"x":-0.043070025742053989,"y":0.003604428842663765,"z":0.020481951534748079},"rotation":{"x":-0.38630595803260805,"y":0.003207726636901498,"z":-0.0008132054354064167,"w":-0.9224482774734497},"size":3.7078144550323488,"orthographic":false}