{"cameraMode":{"drawMode":0,"name":"Shaded","section":"Shading Mode"},"sceneLighting":true,"audioPlay":false,"sceneViewState":{"m_AlwaysRefresh":true,"showFog":true,"showSkybox":true,"showFlares":true,"showImageEffects":true,"showParticleSystems":true,"showVisualEffectGraphs":true,"m_FxEnabled":true},"in2DMode":false,"pivot":{"x":-0.15274056792259217,"y":0.04171357303857803,"z":0.046141088008880618},"rotation":{"x":0.34803614020347597,"y":-0.012892283499240876,"z":0.004789452534168959,"w":0.9374110698699951},"size":1.0217896699905396,"orthographic":false}