{"cameraMode":{"drawMode":0,"name":"Shaded","section":"Shading Mode"},"sceneLighting":true,"audioPlay":false,"sceneViewState":{"m_AlwaysRefresh":true,"showFog":true,"showSkybox":true,"showFlares":true,"showImageEffects":true,"showParticleSystems":true,"showVisualEffectGraphs":true,"m_FxEnabled":true},"in2DMode":false,"pivot":{"x":-0.4532613754272461,"y":2.8919222354888918,"z":2.0883967876434328},"rotation":{"x":-0.3184465169906616,"y":-0.3870750665664673,"z":0.14540830254554749,"w":-0.8531882166862488},"size":2.7704672813415529,"orthographic":false}